GEORGE WASHINGTON, FIRST INAUGURAL
GEORGE WASHINGTON, SECOND INAUGURAL
JOHN ADAMS INAUGURAL
THOMAS JEFFERSON FIRST INAUGURAL
THOMAS JEFFERSON SECOND INAUGURAL
JAMES MADISON FIRST INAUGURAL
JAMES MADISON, SECOND INAUGURAL
JAMES MONROE FIRST INAUGURAL
JAMES MONROE, SECOND INAUGURAL
JOHN QUINCY ADAMS, INAUGURAL
ANDREW JACKSON, FIRST INAUGURAL
ANDREW JACKSON, SECOND INAUGURAL
MARTIN VAN BUREN, INAUGURAL
WILLIAM HENRY HARRISON, INAUGURAL
JAMES KNOX POLK, INAUGURAL
ZACHARY TAYLOR, INAUGURAL
FRANKLIN PIERCE, INAUGURAL
JAMES BUCHANAN, INAUGURAL
ABRAHAM LINCOLN, FIRST INAUGURAL
ABRAHAM LINCOLN, SECOND INAUGURAL
ULYSSES S. GRANT, FIRST INAUGURAL
ULYSSES S. GRANT, SECOND INAUGURAL
RUTHERFORD B. HAYES, INAUGURAL
JAMES A. GARFIELD INAUGURAL
GROVER CLEVELAND, FIRST INAUGURAL
BENJAMIN HARRISON, INAUGURAL
GROVER CLEVELAND, SECOND INAUGURAL
WILLIAM MCKINLEY FIRST INAUGURAL
WILLIAM MCKINLEY, SECOND INAUGURAL
THEODORE ROOSEVELT, INAUGURAL
WILLIAM HOWARD TAFT, INAUGURAL
WOODROW WILSON, FIRST INAUGURAL
WOODROW WILSON, SECOND INAUGURAL
WARREN G. HARDING, INAUGURAL
CALVIN COOLIDGE, INAUGURAL
HERBERT HOOVER, INAUGURAL
FRANKLIN D. ROOSEVELT, FIRST INAUGURAL
FRANKLIN D. ROOSEVELT, SECOND INAUGURAL
FRANKLIN D. ROOSEVELT, THIRD INAUGURAL
FRANKLIN D. ROOSEVELT, FOURTH INAUGURAL
HARRY S. TRUMAN, INAUGURAL
DWIGHT D. EISENHOWER, FIRST INAUGURAL
DWIGHT D. EISENHOWER, SECOND INAUGURAL
JOHN F. KENNEDY, INAUGURAL
LYNDON BAINES JOHNSON, INAUGURAL
RICHARD MILHOUS NIXON, FIRST INAUGURAL
RICHARD MILHOUS NIXON, SECOND INAUGURAL
JIMMY CARTER, INAUGURAL
RONALD REAGAN, FIRST INAUGURAL
RONALD REAGAN, SECOND INAUGURAL
GEORGE BUSH, INAUGURAL
WILLIAM JEFFERSON CLINTON, FIRST INAUGURAL
WILLIAM JEFFERSON CLINTON, SECOND INAUGURAL
GEORGE W. BUSH, FIRST INAUGURAL
GEORGE W. BUSH, SECOND INAUGURAL
GEORGE WASHINGTON, STATE OF THE UNION
GEORGE WASHINGTON, STATE OF THE UNION
GEORGE WASHINGTON, STATE OF THE UNION
GEORGE WASHINGTON, STATE OF THE UNION
GEORGE WASHINGTON, STATE OF THE UNION
GEORGE WASHINGTON, STATE OF THE UNION
GEORGE WASHINGTON, STATE OF THE UNION
GEORGE WASHINGTON, STATE OF THE UNION
JOHN ADAMS, STATE OF THE UNION
JOHN ADAMS, STATE OF THE UNION
JOHN ADAMS, STATE OF THE UNION
JOHN ADAMS, STATE OF THE UNION
THOMAS JEFFERSON, STATE OF THE UNION
THOMAS JEFFERSON, STATE OF THE UNION
THOMAS JEFFERSON, STATE OF THE UNION
THOMAS JEFFERSON, STATE OF THE UNION
THOMAS JEFFERSON, STATE OF THE UNION
THOMAS JEFFERSON, STATE OF THE UNION
THOMAS JEFFERSON, STATE OF THE UNION
THOMAS JEFFERSON, STATE OF THE UNION
JAMES MADISON, STATE OF THE UNION
JAMES MADISON, STATE OF THE UNION
JAMES MADISON, STATE OF THE UNION
JAMES MADISON, STATE OF THE UNION
JAMES MADISON, STATE OF THE UNION
JAMES MADISON, STATE OF THE UNION
JAMES MADISON, STATE OF THE UNION
JAMES MADISON, STATE OF THE UNION
JAMES MONROE, STATE OF THE UNION
JAMES MONROE, STATE OF THE UNION
JAMES MONROE, STATE OF THE UNION
JAMES MONROE, STATE OF THE UNION
JAMES MONROE, STATE OF THE UNION
JAMES MONROE, STATE OF THE UNION
JAMES MONROE, STATE OF THE UNION
JAMES MONROE, STATE OF THE UNION
JOHN QUINCY ADAMS, STATE OF THE UNION
JOHN QUINCY ADAMS, STATE OF THE UNION
JOHN QUINCY ADAMS, STATE OF THE UNION
JOHN QUINCY ADAMS, STATE OF THE UNION
ANDREW JACKSON, STATE OF THE UNION
ANDREW JACKSON, STATE OF THE UNION
ANDREW JACKSON, STATE OF THE UNION
ANDREW JACKSON, STATE OF THE UNION
ANDREW JACKSON, STATE OF THE UNION
ANDREW JACKSON, STATE OF THE UNION
ANDREW JACKSON, STATE OF THE UNION
ANDREW JACKSON, STATE OF THE UNION
MARTIN VAN BUREN, STATE OF THE UNION
MARTIN VAN BUREN, STATE OF THE UNION
MARTIN VAN BUREN, STATE OF THE UNION
MARTIN VAN BUREN, STATE OF THE UNION
JOHN TYLER, STATE OF THE UNION
JOHN TYLER, STATE OF THE UNION
JOHN TYLER, STATE OF THE UNION
JOHN TYLER, STATE OF THE UNION
JAMES POLK, STATE OF THE UNION
JAMES POLK, STATE OF THE UNION
JAMES POLK, STATE OF THE UNION
JAMES POLK, STATE OF THE UNION
ZACHARY TAYLOR, STATE OF THE UNION
MILLARD FILLMORE, STATE OF THE UNION
MILLARD FILLMORE, STATE OF THE UNION
MILLARD FILLMORE, STATE OF THE UNION
FRANKLIN PIERCE, STATE OF THE UNION
FRANKLIN PIERCE, STATE OF THE UNION
FRANKLIN PIERCE, STATE OF THE UNION
FRANKLIN PIERCE, STATE OF THE UNION
JAMES BUCHANAN, STATE OF THE UNION
JAMES BUCHANAN, STATE OF THE UNION
JAMES BUCHANAN, STATE OF THE UNION
JAMES BUCHANAN, STATE OF THE UNION
ABRAHAM LINCOLN, STATE OF THE UNION
ABRAHAM LINCOLN, STATE OF THE UNION
ABRAHAM LINCOLN, STATE OF THE UNION
ABRAHAM LINCOLN, STATE OF THE UNION
ANDREW JOHNSON, STATE OF THE UNION
ANDREW JOHNSON, STATE OF THE UNION
ANDREW JOHNSON, STATE OF THE UNION
ANDREW JOHNSON, STATE OF THE UNION
ULYSSES S. GRANT, STATE OF THE UNION
ULYSSES S. GRANT, STATE OF THE UNION
ULYSSES S. GRANT, STATE OF THE UNION
ULYSSES S. GRANT, STATE OF THE UNION
ULYSSES S. GRANT, STATE OF THE UNION
ULYSSES S. GRANT, STATE OF THE UNION
ULYSSES S. GRANT, STATE OF THE UNION
ULYSSES S. GRANT, STATE OF THE UNION
RUTHERFORD B. HAYES, STATE OF THE UNION
RUTHERFORD B. HAYES, STATE OF THE UNION
RUTHERFORD B. HAYES, STATE OF THE UNION
RUTHERFORD B. HAYES, STATE OF THE UNION
CHESTER A. ARTHUR, STATE OF THE UNION
CHESTER A. ARTHUR, STATE OF THE UNION
CHESTER A. ARTHUR, STATE OF THE UNION
CHESTER A. ARTHUR, STATE OF THE UNION
GROVER CLEVELAND, STATE OF THE UNION
GROVER CLEVELAND, STATE OF THE UNION
GROVER CLEVELAND, STATE OF THE UNION
GROVER CLEVELAND, STATE OF THE UNION
BENJAMIN HARRISON, STATE OF THE UNION
BENJAMIN HARRISON, STATE OF THE UNION
BENJAMIN HARRISON, STATE OF THE UNION
BENJAMIN HARRISON, STATE OF THE UNION
WILLIAM MCKINLEY, STATE OF THE UNION
WILLIAM MCKINLEY, STATE OF THE UNION
WILLIAM MCKINLEY, STATE OF THE UNION
WILLIAM MCKINLEY, STATE OF THE UNION
THEODORE ROOSEVELT, STATE OF THE UNION
THEODORE ROOSEVELT, STATE OF THE UNION
THEODORE ROOSEVELT, STATE OF THE UNION
THEODORE ROOSEVELT, STATE OF THE UNION
THEODORE ROOSEVELT, STATE OF THE UNION
THEODORE ROOSEVELT, STATE OF THE UNION
THEODORE ROOSEVELT, STATE OF THE UNION
THEODORE ROOSEVELT, STATE OF THE UNION
WILLIAM H. TAFT, STATE OF THE UNION
WILLIAM H. TAFT, STATE OF THE UNION
WILLIAM H. TAFT, STATE OF THE UNION
WILLIAM H. TAFT, STATE OF THE UNION
WOODROW WILSON, STATE OF THE UNION
WOODROW WILSON, STATE OF THE UNION
WOODROW WILSON, STATE OF THE UNION
WOODROW WILSON, STATE OF THE UNION
WOODROW WILSON, STATE OF THE UNION
WOODROW WILSON, STATE OF THE UNION
WOODROW WILSON, STATE OF THE UNION
WOODROW WILSON, STATE OF THE UNION
WARREN HARDING, STATE OF THE UNION
WARREN HARDING, STATE OF THE UNION
CALVIN COOLIDGE, STATE OF THE UNION
CALVIN COOLIDGE, STATE OF THE UNION
CALVIN COOLIDGE, STATE OF THE UNION
CALVIN COOLIDGE, STATE OF THE UNION
CALVIN COOLIDGE, STATE OF THE UNION
CALVIN COOLIDGE, STATE OF THE UNION
HERBERT HOOVER, STATE OF THE UNION
HERBERT HOOVER, STATE OF THE UNION
HERBERT HOOVER, STATE OF THE UNION
HERBERT HOOVER, STATE OF THE UNION
FRANKLIN D. ROOSEVELT, STATE OF THE UNION
FRANKLIN D. ROOSEVELT, STATE OF THE UNION
FRANKLIN D. ROOSEVELT, STATE OF THE UNION
FRANKLIN D. ROOSEVELT, STATE OF THE UNION
FRANKLIN D. ROOSEVELT, STATE OF THE UNION
FRANKLIN D. ROOSEVELT, STATE OF THE UNION
FRANKLIN D. ROOSEVELT, STATE OF THE UNION
FRANKLIN D. ROOSEVELT, STATE OF THE UNION
FRANKLIN D. ROOSEVELT, STATE OF THE UNION
FRANKLIN D. ROOSEVELT, STATE OF THE UNION
FRANKLIN D. ROOSEVELT, STATE OF THE UNION
FRANKLIN D. ROOSEVELT, STATE OF THE UNION
HARRY S. TRUMAN, STATE OF THE UNION
HARRY S. TRUMAN, STATE OF THE UNION
HARRY S. TRUMAN, STATE OF THE UNION
HARRY S. TRUMAN, STATE OF THE UNION
HARRY S. TRUMAN, STATE OF THE UNION
HARRY S. TRUMAN, STATE OF THE UNION
HARRY S. TRUMAN, STATE OF THE UNION
HARRY S. TRUMAN, STATE OF THE UNION
DWIGHT D. EISENHOWER, STATE OF THE UNION
DWIGHT D. EISENHOWER, STATE OF THE UNION
DWIGHT D. EISENHOWER, STATE OF THE UNION
DWIGHT D. EISENHOWER, STATE OF THE UNION
DWIGHT D. EISENHOWER, STATE OF THE UNION
DWIGHT D. EISENHOWER, STATE OF THE UNION
DWIGHT D. EISENHOWER, STATE OF THE UNION
DWIGHT D. EISENHOWER, STATE OF THE UNION
DWIGHT D. EISENHOWER, STATE OF THE UNION
JOHN F. KENNEDY, STATE OF THE UNION
JOHN F. KENNEDY, STATE OF THE UNION
JOHN F. KENNEDY, STATE OF THE UNION
LYNDON B. JOHNSON, STATE OF THE UNION
LYNDON B. JOHNSON, STATE OF THE UNION
LYNDON B. JOHNSON, STATE OF THE UNION
LYNDON B. JOHNSON, STATE OF THE UNION
LYNDON B. JOHNSON, STATE OF THE UNION
LYNDON B. JOHNSON, STATE OF THE UNION
RICHARD NIXON, STATE OF THE UNION
RICHARD NIXON, STATE OF THE UNION
RICHARD NIXON, STATE OF THE UNION
RICHARD NIXON, STATE OF THE UNION
RICHARD NIXON, STATE OF THE UNION
GERALD R. FORD, STATE OF THE UNION
GERALD R. FORD, STATE OF THE UNION
GERALD R. FORD, STATE OF THE UNION
JIMMY CARTER, STATE OF THE UNION
JIMMY CARTER, STATE OF THE UNION
JIMMY CARTER, STATE OF THE UNION
JIMMY CARTER, STATE OF THE UNION
RONALD REAGAN, STATE OF THE UNION
RONALD REAGAN, STATE OF THE UNION
RONALD REAGAN, STATE OF THE UNION
RONALD REAGAN, STATE OF THE UNION
RONALD REAGAN, STATE OF THE UNION
RONALD REAGAN, STATE OF THE UNION
RONALD REAGAN, STATE OF THE UNION
GEORGE H.W. BUSH, STATE OF THE UNION
GEORGE H.W. BUSH, STATE OF THE UNION
GEORGE H.W. BUSH, STATE OF THE UNION
WILLIAM J. CLINTON, STATE OF THE UNION
WILLIAM J. CLINTON, STATE OF THE UNION
WILLIAM J. CLINTON, STATE OF THE UNION
WILLIAM J. CLINTON, STATE OF THE UNION
WILLIAM J. CLINTON, STATE OF THE UNION
WILLIAM J. CLINTON, STATE OF THE UNION
WILLIAM J. CLINTON, STATE OF THE UNION
GEORGE W. BUSH, STATE OF THE UNION
GEORGE W. BUSH, STATE OF THE UNION
GEORGE W. BUSH, STATE OF THE UNION
GEORGE W. BUSH, STATE OF THE UNION
GEORGE W. BUSH, STATE OF THE UNION
GEORGE W. BUSH, STATE OF THE UNION
GEORGE W. BUSH, STATE OF THE UNION
